Description,Offense Level Range,이유,Primary Type,Offense Level Median,Offense Level Class
BY FIRE,20–24,기본 방화는 중간수준 폭력 범죄,ARSON,22.0,High
ATTEMPT ARSON,16–20,미수니까 조금 낮게,ARSON,18.0,Medium
AGGRAVATED,24–30,가중 방화는 피해자 위험 더 큼,ARSON,27.0,High
POS: EXPLOSIVE/INCENDIARY DEV,28–32,폭발물 소지는 테러 위험 있음,ARSON,30.0,High
BY EXPLOSIVE,30–34,폭발물을 사용한 방화는 최고 수준,ARSON,32.0,High
POS: CHEMICAL/DRY-ICE DEVICE,20–26,준폭발물로 취급 가능,ARSON,23.0,High
POSSESSION - EXPLOSIVE / INCENDIARY DEVICE,28–32,동일하게 위협 높음,ARSON,30.0,High
SIMPLE,4–6,단순 폭행,ASSAULT,5.0,Very Low
AGGRAVATED POLICE OFFICER - HANDGUN,24–28,경찰 대상 총기 사용,ASSAULT,26.0,High
AGGRAVATED - HANDGUN,24–28,총기 사용,ASSAULT,26.0,High
AGGRAVATED - KNIFE / CUTTING INSTRUMENT,20–24,칼/흉기 사용,ASSAULT,22.0,High
AGGRAVATED POLICE OFFICER - OTHER DANGEROUS WEAPON,18–22,경찰 대상 위험 무기 사용,ASSAULT,20.0,Medium
AGG PO HANDS NO/MIN INJURY,8–10,경찰 대상 경미한 폭행,ASSAULT,9.0,Low
AGGRAVATED:KNIFE/CUTTING INSTR,20–24,칼/흉기 사용,ASSAULT,22.0,High
PRO EMP HANDS NO/MIN INJURY,6–8,공무원/보호대상자에 대한 경미한 폭행,ASSAULT,7.0,Very Low
AGGRAVATED: HANDGUN,24–28,총기 사용,ASSAULT,26.0,High
AGGRAVATED: OTHER DANG WEAPON,18–22,경찰 대상 위험 무기 사용,ASSAULT,20.0,Medium
AGGRAVATED: OTHER FIREARM,26–30,기타 총기 사용,ASSAULT,28.0,High
AGGRAVATED PO: OTHER DANG WEAP,18–22,경찰 대상 위험 무기 사용,ASSAULT,20.0,Medium
AGGRAVATED PO: OTHER FIREARM,26–30,경찰 대상 기타 총기 사용,ASSAULT,28.0,High
AGGRAVATED PO: HANDGUN,24–28,경찰 대상 총기 사용,ASSAULT,26.0,High
AGGRAVATED PO:KNIFE/CUT INSTR,20–24,경찰 대상 칼/흉기 사용,ASSAULT,22.0,High
AGG PRO.EMP: OTHER DANG WEAPON,18–22,경찰 대상 위험 무기 사용,ASSAULT,20.0,Medium
AGG PRO.EMP: OTHER FIREARM,26–30,기타 총기 사용,ASSAULT,28.0,High
AGG PRO.EMP:KNIFE/CUTTING INST,20–24,칼/흉기 사용,ASSAULT,22.0,High
AGG PRO.EMP: HANDGUN,24–28,총기 사용,ASSAULT,26.0,High
AGGRAVATED - OTHER DANGEROUS WEAPON,18–22,경찰 대상 위험 무기 사용,ASSAULT,20.0,Medium
"PROTECTED EMPLOYEE - HANDS, FISTS, FEET, NO / MINOR INJURY",6–8,공무원/보호대상자에 대한 경미한 폭행,ASSAULT,7.0,Very Low
AGGRAVATED - OTHER FIREARM,26–30,기타 총기 사용,ASSAULT,28.0,High
AGGRAVATED POLICE OFFICER - KNIFE / CUTTING INSTRUMENT,20–24,경찰 대상 칼/흉기 사용,ASSAULT,22.0,High
AGGRAVATED PROTECTED EMPLOYEE - HANDGUN,24–28,공무원 대상 총기 사용,ASSAULT,26.0,High
AGGRAVATED PROTECTED EMPLOYEE - OTHER DANGEROUS WEAPON,18–22,공무원 대상 기타 위험 무기 사용,ASSAULT,20.0,Medium
AGGRAVATED PROTECTED EMPLOYEE - KNIFE / CUTTING INSTRUMENT,20–24,공무원 대상 칼/흉기 사용,ASSAULT,22.0,High
"AGGRAVATED POLICE OFFICER - HANDS, FISTS, FEET, NO INJURY",8–10,경찰 대상 경미한 폭행,ASSAULT,9.0,Low
AGGRAVATED PROTECTED EMPLOYEE - OTHER FIREARM,26–30,공무원 대상 기타 총기 사용,ASSAULT,28.0,High
AGGRAVATED POLICE OFFICER - OTHER FIREARM,26–30,경찰 대상 기타 총기 사용,ASSAULT,28.0,High
SIMPLE,4–6,단순 폭행,BATTERY,5.0,Very Low
DOMESTIC BATTERY SIMPLE,4–6,단순 폭행,BATTERY,5.0,Very Low
AGGRAVATED - KNIFE / CUTTING INSTRUMENT,20–24,흉기(칼 등) 사용,BATTERY,22.0,High
AGGRAVATED - HANDGUN,24–28,총기 사용,BATTERY,26.0,High
AGGRAVATED - OTHER DANGEROUS WEAPON,8–10,경찰 대상 경미한 폭행 또는 무기 사용,BATTERY,9.0,Low
AGGRAVATED OF A CHILD,22–26,아동 대상 폭행,BATTERY,24.0,High
AGGRAVATED DOMESTIC BATTERY - KNIFE / CUTTING INSTRUMENT,20–24,흉기(칼 등) 사용,BATTERY,22.0,High
AGGRAVATED: OTHER DANG WEAPON,8–10,경찰 대상 경미한 폭행 또는 무기 사용,BATTERY,9.0,Low
AGGRAVATED: HANDGUN,24–28,총기 사용,BATTERY,26.0,High
PRO EMP HANDS NO/MIN INJURY,6–8,보호대상자 또는 공무원 대상 단순 폭행,BATTERY,7.0,Very Low
AGGRAVATED:KNIFE/CUTTING INSTR,20–24,흉기(칼 등) 사용,BATTERY,22.0,High
AGGRAVATED DOMESTIC BATTERY: OTHER DANG WEAPON,8–10,경찰 대상 경미한 폭행 또는 무기 사용,BATTERY,9.0,Low
AGGRAVATED PO: OTHER DANG WEAP,8–10,경찰 대상 경미한 폭행 또는 무기 사용,BATTERY,9.0,Low
AGG PO HANDS NO/MIN INJURY,8–10,경찰 대상 경미한 폭행 또는 무기 사용,BATTERY,9.0,Low
AGGRAVATED DOMESTIC BATTERY,10–14,가정폭력 중 가중 처벌 대상,BATTERY,12.0,Low
AGG: HANDS/FIST/FEET NO/MINOR INJURY,8–10,신체를 이용한 경미한 폭행,BATTERY,9.0,Low
AGG PRO.EMP:KNIFE/CUTTING INST,20–24,흉기(칼 등) 사용,BATTERY,22.0,High
AGGRAVATED: OTHER FIREARM,26–30,기타 총기 사용,BATTERY,28.0,High
AGG PRO.EMP: HANDGUN,24–28,총기 사용,BATTERY,26.0,High
AGGRAVATED PO: HANDGUN,8–10,경찰 대상 경미한 폭행 또는 무기 사용,BATTERY,9.0,Low
AGGRAVATED PO: KNIFE/CUT INSTR,8–10,경찰 대상 경미한 폭행 또는 무기 사용,BATTERY,9.0,Low
AGG PRO.EMP: OTHER DANG WEAPON,8–10,경찰 대상 경미한 폭행 또는 무기 사용,BATTERY,9.0,Low
AGGRAVATED PO: OTHER FIREARM,8–10,경찰 대상 경미한 폭행 또는 무기 사용,BATTERY,9.0,Low
AGGRAVATED DOMESTIC BATTERY: KNIFE/CUTTING INST,20–24,흉기(칼 등) 사용,BATTERY,22.0,High
AGG PRO.EMP: OTHER FIREARM,26–30,기타 총기 사용,BATTERY,28.0,High
AGGRAVATED OF A SENIOR CITIZEN,20–24,노인 대상 폭행,BATTERY,22.0,High
"AGGRAVATED - HANDS, FISTS, FEET, NO / MINOR INJURY",8–10,신체를 이용한 경미한 폭행,BATTERY,9.0,Low
AGGRAVATED OF A UNBORN CHILD,22–26,태아 대상 폭행,BATTERY,24.0,High
OF UNBORN CHILD,22–26,태아 대상 폭행,BATTERY,24.0,High
AGG PO HANDS ETC SERIOUS INJ,14–18,경찰 대상 중한 상해,BATTERY,16.0,Medium
AGG: HANDS/FIST/FEET SERIOUS INJURY,14–18,신체를 이용한 중한 폭행,BATTERY,16.0,Medium
AGGRAVATED DOMESTIC BATTERY: HANDS/FIST/FEET SERIOUS INJURY,14–18,가정폭력 중 가중 처벌 대상,BATTERY,16.0,Medium
AGG PRO EMP HANDS SERIOUS INJ,14–18,보호대상자 또는 공무원 대상 단순 폭행,BATTERY,16.0,Medium
AGGRAVATED DOMESTIC BATTERY: OTHER FIREARM,26–30,기타 총기 사용,BATTERY,28.0,High
AGGRAVATED DOMESTIC BATTERY: HANDGUN,24–28,총기 사용,BATTERY,26.0,High
AGGRAVATED DOMESTIC BATTERY - HANDGUN,24–28,총기 사용,BATTERY,26.0,High
"AGGRAVATED - HANDS, FISTS, FEET, SERIOUS INJURY",14–18,신체를 이용한 중한 폭행,BATTERY,16.0,Medium
"AGGRAVATED P.O. - HANDS, FISTS, FEET, NO / MINOR INJURY",8–10,경찰 대상 경미한 폭행 또는 무기 사용,BATTERY,9.0,Low
AGGRAVATED POLICE OFFICER - OTHER DANGEROUS WEAPON,8–10,경찰 대상 경미한 폭행 또는 무기 사용,BATTERY,9.0,Low
"AGG. PROTECTED EMPLOYEE - HANDS, FISTS, FEET, SERIOUS INJURY",14–18,신체를 이용한 중한 폭행,BATTERY,16.0,Medium
AGGRAVATED POLICE OFFICER - HANDGUN,24–28,총기 사용,BATTERY,26.0,High
"AGG. DOMESTIC BATTERY - HANDS, FISTS, FEET, SERIOUS INJURY",14–18,신체를 이용한 중한 폭행,BATTERY,16.0,Medium
AGGRAVATED DOMESTIC BATTERY - OTHER DANGEROUS WEAPON,8–10,경찰 대상 경미한 폭행 또는 무기 사용,BATTERY,9.0,Low
"AGGRAVATED P.O. - HANDS, FISTS, FEET, SERIOUS INJURY",14–18,경찰 대상 중한 상해,BATTERY,16.0,Medium
"PROTECTED EMPLOYEE - HANDS, FISTS, FEET, NO / MINOR INJURY",6–8,보호대상자 또는 공무원 대상 단순 폭행,BATTERY,7.0,Very Low
AGGRAVATED - OTHER FIREARM,26–30,기타 총기 사용,BATTERY,28.0,High
OF AN UNBORN CHILD,22–26,태아 대상 폭행,BATTERY,24.0,High
AGGRAVATED POLICE OFFICER - OTHER FIREARM,26–30,기타 총기 사용,BATTERY,28.0,High
AGGRAVATED POLICE OFFICER - KNIFE / CUTTING INSTRUMENT,20–24,흉기(칼 등) 사용,BATTERY,22.0,High
AGGRAVATED PROTECTED EMPLOYEE - KNIFE / CUTTING INSTRUMENT,20–24,흉기(칼 등) 사용,BATTERY,22.0,High
AGGRAVATED: HANDS / FIST / FEET NO / MINOR INJURY,8–10,신체를 이용한 경미한 폭행,BATTERY,9.0,Low
AGGRAVATED PROTECTED EMPLOYEE - OTHER DANGEROUS WEAPON,8–10,경찰 대상 경미한 폭행 또는 무기 사용,BATTERY,9.0,Low
AGGRAVATED DOMESTIC BATTERY: OTHER DANGEROUS WEAPON,8–10,경찰 대상 경미한 폭행 또는 무기 사용,BATTERY,9.0,Low
AGGRAVATED DOMESTIC BATTERY: KNIFE / CUTTING INSTSTRUMENT,20–24,흉기(칼 등) 사용,BATTERY,22.0,High
AGGRAVATED: OTHER DANGEROUS WEAPON,8–10,경찰 대상 경미한 폭행 또는 무기 사용,BATTERY,9.0,Low
AGGRAVATED OF AN UNBORN CHILD,22–26,태아 대상 폭행,BATTERY,24.0,High
AGGRAVATED: KNIFE / CUTTING INSTRUMENT,20–24,흉기(칼 등) 사용,BATTERY,22.0,High
AGGRAVATED PO: OTHER DANGEROUS WEAPON,8–10,경찰 대상 경미한 폭행 또는 무기 사용,BATTERY,9.0,Low
AGGRAVATED: HANDS / FIST / FEET SERIOUS INJURY,14–18,신체를 이용한 중한 폭행,BATTERY,16.0,Medium
AGGRAVATED PROTECTED EMPLOYEE - HANDGUN,24–28,총기 사용,BATTERY,26.0,High
PROTECTED EMPLOYEE: HANDS NO / MIN INJURY,6–8,보호대상자 또는 공무원 대상 단순 폭행,BATTERY,7.0,Very Low
AGGRAVATED DOMESTIC BATTERY - OTHER FIREARM,26–30,기타 총기 사용,BATTERY,28.0,High
FORCIBLE ENTRY,16–20,주거/시설에 강제 침입,BURGLARY,18.0,Medium
UNLAWFUL ENTRY,12–16,문이 잠기지 않은 경우 등 무단 침입,BURGLARY,14.0,Medium
HOME INVASION,24–28,주거지 침입 + 인명 위협 가능성 높음,BURGLARY,26.0,High
ATTEMPT FORCIBLE ENTRY,12–16,미수지만 강제 시도,BURGLARY,14.0,Medium
BURGLARY FROM MOTOR VEHICLE,8–12,상대적으로 낮은 피해 범주,BURGLARY,10.0,Low
OTHER,4–6,비교적 경미한 규정 위반 추정,CONCEALED CARRY LICENSE VIOLATION,5.0,Very Low
ARMED WHILE UNDER THE INFLUENCE,10–14,"음주 무장, 공공 위험 높음",CONCEALED CARRY LICENSE VIOLATION,12.0,Low
PROHIBITED PLACES,6–8,"학교, 정부청사 등 금지 장소에서의 소지 위반",CONCEALED CARRY LICENSE VIOLATION,7.0,Very Low
NON-AGGRAVATED,22–26,"비가중 성폭행, 기본 수준이지만 매우 심각",CRIM SEXUAL ASSAULT,24.0,High
ATTEMPT NON-AGGRAVATED,18–22,미수지만 여전히 중범죄,CRIM SEXUAL ASSAULT,20.0,Medium
PREDATORY,30–38,아동 대상 또는 심각한 위력 동반 시 적용,CRIM SEXUAL ASSAULT,34.0,High
AGGRAVATED: OTHER,28–34,"심각한 가중요소가 포함된 경우 (폭력, 협박 등)",CRIM SEXUAL ASSAULT,31.0,High
ATTEMPT AGG: OTHER,24–28,위와 유사하나 미수,CRIM SEXUAL ASSAULT,26.0,High
AGGRAVATED: KNIFE/CUT INSTR,30–36,흉기 위협 포함,CRIM SEXUAL ASSAULT,33.0,High
ATTEMPT AGG: KNIFE/CUT INSTR,26–30,흉기 사용의 미수 범위,CRIM SEXUAL ASSAULT,28.0,High
AGGRAVATED: HANDGUN,32–38,"총기 포함, 매우 높은 형량 범위",CRIM SEXUAL ASSAULT,35.0,High
ATTEMPT AGG: HANDGUN,28–32,총기 위협 미수 상황,CRIM SEXUAL ASSAULT,30.0,High
AGGRAVATED: OTHER DANG WEAPON,30–36,"둔기, 위험한 물건 포함",CRIM SEXUAL ASSAULT,33.0,High
ATTEMPT AGG: OTHER DANG WEAPON,26–30,미수 시 경감되나 여전히 심각,CRIM SEXUAL ASSAULT,28.0,High
AGGRAVATED: OTHER FIREARM,32–38,"총기 포함 (소총 등), 높은 위협도",CRIM SEXUAL ASSAULT,35.0,High
ATTEMPT AGG: OTHER FIREARM,28–32,총기 포함 미수 상황,CRIM SEXUAL ASSAULT,30.0,High
TO VEHICLE,4–8,"개인 재산 대상, 손해 규모에 따라 가벼움",CRIMINAL DAMAGE,6.0,Very Low
TO PROPERTY,4–8,일반적인 재산손괴,CRIMINAL DAMAGE,6.0,Very Low
CRIMINAL DEFACEMENT,4–6,낙서 등 경미한 훼손,CRIMINAL DAMAGE,5.0,Very Low
TO CITY OF CHICAGO PROPERTY,6–10,공공재산 훼손으로 약간 상승,CRIMINAL DAMAGE,8.0,Very Low
TO STATE SUP PROP,6–10,주정부 소유 자산,CRIMINAL DAMAGE,8.0,Very Low
TO FIRE FIGHT.APP.EQUIP,10–16,소방 장비 훼손 → 생명과 직결되어 높음,CRIMINAL DAMAGE,13.0,Medium
INSTITUTIONAL VANDALISM,8–12,"학교, 종교기관 등 대상",CRIMINAL DAMAGE,10.0,Low
LIBRARY VANDALISM,6–10,공공자산 훼손이지만 낮은 위협성,CRIMINAL DAMAGE,8.0,Very Low
TO STATE SUPPORTED PROPERTY,6–10,공공자금으로 운영되는 자산 대상,CRIMINAL DAMAGE,8.0,Very Low
PREDATORY,30–38,아동/취약계층 대상 등,CRIMINAL SEXUAL ASSAULT,34.0,High
AGGRAVATED - KNIFE / CUTTING INSTRUMENT,30–36,흉기 사용,CRIMINAL SEXUAL ASSAULT,33.0,High
AGGRAVATED - HANDGUN,32–38,총기 사용,CRIMINAL SEXUAL ASSAULT,35.0,High
AGGRAVATED - OTHER,28–34,일반적 가중 성폭행,CRIMINAL SEXUAL ASSAULT,31.0,High
AGGRAVATED - OTHER DANGEROUS WEAPON,30–36,무기 포함,CRIMINAL SEXUAL ASSAULT,33.0,High
AGGRAVATED - OTHER FIREARM,32–38,고위협 무기,CRIMINAL SEXUAL ASSAULT,35.0,High
AGGRAVATED: KNIFE / CUTTING INSTRUMENT,30–36,흉기 사용 반복,CRIMINAL SEXUAL ASSAULT,33.0,High
ATTEMPT AGGRAVATED - HANDGUN,28–32,총기 사용 미수,CRIMINAL SEXUAL ASSAULT,30.0,High
ATTEMPT AGGRAVATED - KNIFE / CUTTING INSTRUMENT,26–30,흉기 사용 미수,CRIMINAL SEXUAL ASSAULT,28.0,High
ATTEMPT AGGRAVATED - OTHER,24–28,일반 가중 성폭행 미수,CRIMINAL SEXUAL ASSAULT,26.0,High
ATTEMPT AGGRAVATED - OTHER DANGEROUS WEAPON,26–30,무기 포함 미수,CRIMINAL SEXUAL ASSAULT,28.0,High
ATTEMPT AGGRAVATED - OTHER FIREARM,28–32,총기 포함 미수,CRIMINAL SEXUAL ASSAULT,30.0,High
ATTEMPT NON-AGGRAVATED,18–22,기본 미수,CRIMINAL SEXUAL ASSAULT,20.0,Medium
NON-AGGRAVATED,22–26,기본 강간,CRIMINAL SEXUAL ASSAULT,24.0,High
TO VEHICLE,4–6,"개인 재산 침입, 피해 적음",CRIMINAL TRESPASS,5.0,Very Low
TO STATE SUP LAND,6–10,공공부지 침입으로 약간 가중,CRIMINAL TRESPASS,8.0,Very Low
TO LAND,4–6,일반 사유지 침입,CRIMINAL TRESPASS,5.0,Very Low
TO RESIDENCE,8–12,주거지 침입은 사생활 침해로 가중,CRIMINAL TRESPASS,10.0,Low
TO AIRPORT,10–14,"국가 중요시설 침입, 높은 위협성",CRIMINAL TRESPASS,12.0,Low
FINANCIAL IDENTITY THEFT OVER $ 300,8–10,300달러 초과 금융 신원 도용,DECEPTIVE PRACTICE,9.0,Low
STOLEN PROP: BUY/RECEIVE/POS.,6–8,도난 재산 구매/수령/소지,DECEPTIVE PRACTICE,7.0,Very Low
FINANCIAL IDENTITY THEFT $300 AND UNDER,6–8,300달러 이하 금융 신원 도용,DECEPTIVE PRACTICE,7.0,Very Low
FORGERY,9–11,위조,DECEPTIVE PRACTICE,10.0,Low
FRAUD OR CONFIDENCE GAME,6–10,사기 또는 신뢰 게임,DECEPTIVE PRACTICE,8.0,Very Low
AGGRAVATED FINANCIAL IDENTITY THEFT,10–14,가중 금융 신원 도용,DECEPTIVE PRACTICE,12.0,Low
ATTEMPT - FINANCIAL IDENTITY THEFT,6–8,금융 신원 도용 미수,DECEPTIVE PRACTICE,7.0,Very Low
UNAUTHORIZED VIDEOTAPING,6–8,무단 비디오 촬영,DECEPTIVE PRACTICE,7.0,Very Low
INSURANCE FRAUD,8–10,보험 사기,DECEPTIVE PRACTICE,9.0,Low
CREDIT CARD FRAUD,8–10,신용카드 사기,DECEPTIVE PRACTICE,9.0,Low
COUNTERFEIT CHECK,9–11,수표 위조,DECEPTIVE PRACTICE,10.0,Low
THEFT OF LABOR/SERVICES,6–8,노동/서비스 절도,DECEPTIVE PRACTICE,7.0,Very Low
EMBEZZLEMENT,8–10,횡령,DECEPTIVE PRACTICE,9.0,Low
COMPUTER FRAUD,9–11,컴퓨터 사기,DECEPTIVE PRACTICE,10.0,Low
FINANCIAL EXPLOITATION OF AN ELDERLY OR DISABLED PERSON,10–14,노약자 또는 장애인 대상 재정적 착취,DECEPTIVE PRACTICE,12.0,Low
THEFT OF LABOR / SERVICES,6–8,노동 / 서비스 절도,DECEPTIVE PRACTICE,7.0,Very Low
PAY TV SERVICE OFFENSES,4–6,유료 TV 서비스 관련 위반,DECEPTIVE PRACTICE,5.0,Very Low
FINAN EXPLOIT-ELDERLY/DISABLED,10–14,노약자/장애인 착취,DECEPTIVE PRACTICE,12.0,Low
STOLEN PROPERTY BUY / RECEIVE / POSSESS,6–8,도난 재산 구매/수령/소지,DECEPTIVE PRACTICE,7.0,Very Low
BOGUS CHECK,6–8,허위 수표,DECEPTIVE PRACTICE,7.0,Very Low
DECEPTIVE COLLECTION PRACTICES,6–8,기만적 징수 행위,DECEPTIVE PRACTICE,7.0,Very Low
ILLEGAL USE CASH CARD,6–8,현금카드 불법 사용,DECEPTIVE PRACTICE,7.0,Very Low
COUNTERFEITING DOCUMENT,9–11,문서 위조,DECEPTIVE PRACTICE,10.0,Low
THEFT OF LOST/MISLAID PROP,4–6,분실물 절도,DECEPTIVE PRACTICE,5.0,Very Low
IMPERSONATION,6–8,사칭,DECEPTIVE PRACTICE,7.0,Very Low
"THEFT BY LESSEE,MOTOR VEH",6–10,차량 임차인 절도,DECEPTIVE PRACTICE,8.0,Very Low
UNIDENTIFIABLE RECORDING SOUND,4–6,불명확 음성 녹음,DECEPTIVE PRACTICE,5.0,Very Low
"THEFT BY LESSEE,NON-VEH",6–8,비차량 임차인 절도,DECEPTIVE PRACTICE,7.0,Very Low
UNLAWFUL USE OF RECORDED SOUND,4–6,불법 음원 사용,DECEPTIVE PRACTICE,5.0,Very Low
UNLAWFUL USE OF A COMPUTER,6–8,불법 컴퓨터 사용,DECEPTIVE PRACTICE,7.0,Very Low
ILLEGAL POSSESSION CASH CARD,6–8,현금카드 불법 소지,DECEPTIVE PRACTICE,7.0,Very Low
POSS. KEYS OR DEV.TO COIN MACH,4–6,코인 기계용 키/장치 소지,DECEPTIVE PRACTICE,5.0,Very Low
ALTER COINS,4–6,동전 위조,DECEPTIVE PRACTICE,5.0,Very Low
LIBRARY THEFT,4–6,도서관 절도,DECEPTIVE PRACTICE,5.0,Very Low
AGGRAVATED COMPUTER TAMPERING,10–12,가중 컴퓨터 변조,DECEPTIVE PRACTICE,11.0,Low
"THEFT BY LESSEE, MOTOR VEHICLE",6–10,차량 임차인 절도,DECEPTIVE PRACTICE,8.0,Very Low
THEFT OF LOST / MISLAID PROPERTY,4–6,분실/혼동 재산 절도,DECEPTIVE PRACTICE,5.0,Very Low
"THEFT BY LESSEE, NON-MOTOR VEHICLE",6–8,비차량 임차인 절도,DECEPTIVE PRACTICE,7.0,Very Low
POSSESS KEYS OR DEVICE TO COIN MACHINE,4–6,코인 기계용 키/장치 소지,DECEPTIVE PRACTICE,5.0,Very Low
"FALSE INFO - CERTIFICATION, LICENSING CRIMINAL BACKGROUND EM",6–8,"허위 정보 제공 - 자격증, 면허, 범죄 이력",DECEPTIVE PRACTICE,7.0,Very Low
STATE BENEFITS FRAUD,8–10,정부 혜택 사기,DECEPTIVE PRACTICE,9.0,Low
WIC FRAUD,6–8,WIC 사기,DECEPTIVE PRACTICE,7.0,Very Low
PBLC AID WIRE AND MAIL FRAUD- UNLAW OBT PBLC AID,8–10,공적 지원 무단 취득 사기,DECEPTIVE PRACTICE,9.0,Low
UNAUTH VIDEO RECORD/TRANSMIT LIVE VIDEO UNDER/THRU CLOTHES,6–8,의복 하 비디오 녹화/송신,DECEPTIVE PRACTICE,7.0,Very Low
PUBLIC AID WIRE/MAIL FRAUD - VIA MAIL/PACKAGE/DELIVERY SYS,8–10,우편/배송을 통한 공적 지원 사기,DECEPTIVE PRACTICE,9.0,Low
PLACE VIDEO RECORD/TRANSMIT DEVICE - RESTROOM/TAN SALON/CHNG,8–10,화장실 등지에 영상장비 설치,DECEPTIVE PRACTICE,9.0,Low
"PUBLIC AIR WIRE AND MAIL FRAUD - VIA WIRE, RADIO, TELEVISION",8–10,무선/TV/라디오 공적 지원 사기,DECEPTIVE PRACTICE,9.0,Low
DOMESTIC VIOLENCE,10–18,단순 표기지만 성격상 심각할 수 있는 DV 사건,DOMESTIC VIOLENCE,14.0,Medium
GAME/DICE,2–4,단순 사행성 게임,GAMBLING,3.0,Very Low
OTHER,2–4,세부 내용 불분명 (보통 경범),GAMBLING,3.0,Very Low
GAME/AMUSEMENT DEVICE,3–5,오락기기 도박 (소형 단말기 사용),GAMBLING,4.0,Very Low
WIREROOM/SPORTS,6–9,조직적 도박 운영,GAMBLING,7.5,Very Low
GAME/CARDS,2–4,카드 게임 도박,GAMBLING,3.0,Very Low
VIOL CHARITABLE GAME ACT,3–5,자선도박법 위반 (비영리라도 법 위반 시 처벌),GAMBLING,4.0,Very Low
BOOKMAKING/SPORTS,5–7,스포츠 도박 판돈 책정자 역할,GAMBLING,6.0,Very Low
ILLEGAL ILL LOTTERY,4–6,불법 복권 운영,GAMBLING,5.0,Very Low
LOTTERY/OTHER,3–5,기타 불법 복권,GAMBLING,4.0,Very Low
BOOKMAKING/HORSES,5–7,경마 관련 도박,GAMBLING,6.0,Very Low
WIREROOM/HORSES,6–9,경마 도박 운영 사무실,GAMBLING,7.5,Very Low
POLICY/OTHER,4–6,불법 복권 유형 중 하나 (Policy game),GAMBLING,5.0,Very Low
BOLITA OR BOLI PUL/WRITER,5–8,중남미 복권성 도박의 운영자,GAMBLING,6.5,Very Low
BOLITA OR BOLI PUL/RUNNER,4–6,배팅 수금/배달책,GAMBLING,5.0,Very Low
LOTTERY/PARLAY CARDS,3–5,배당조합 복권,GAMBLING,4.0,Very Low
BOLITA OR BOLI PUL/OFFICE,6–8,운영 본부,GAMBLING,7.0,Very Low
SPORTS TAMPERING,8–12,경기 조작 관련 도박,GAMBLING,10.0,Low
REGISTER FED GAMBLING STAMP,3–5,연방 도박세 납부 문제 (보통 부수 위반),GAMBLING,4.0,Very Low
NATIONAL LOTTERY,3–5,불법 국가 복권 참여,GAMBLING,4.0,Very Low
LOTTERY/PARI-MUTUEL,3–5,조합식 배당 복권,GAMBLING,4.0,Very Low
GAME / AMUSEMENT DEVICE,3–5,중복 항목,GAMBLING,4.0,Very Low
FIRST DEGREE MURDER,43,"계획적 살인, 가장 높은 중범죄",HOMICIDE,43.0,High
RECKLESS HOMICIDE,18–22,고의성은 없으나 치명적 결과 초래,HOMICIDE,20.0,Medium
INVOLUNTARY MANSLAUGHTER,10–14,과실치사,HOMICIDE,12.0,Low
SECOND DEGREE MURDER,33–38,비계획적이지만 고의적 살인,HOMICIDE,35.5,High
INVOLUNTARY SERVITUDE,30–38,강제노동 또는 노예 상태,HUMAN TRAFFICKING,34.0,High
COMMERCIAL SEX ACTS,34–42,성매매 강요 및 착취,HUMAN TRAFFICKING,38.0,High
OFFICIAL MISCONDUCT,6–10,공직 남용,INTERFERENCE WITH PUBLIC OFFICER,8.0,Very Low
BRIBERY,8–14,뇌물 수수,INTERFERENCE WITH PUBLIC OFFICER,11.0,Low
RESIST/OBSTRUCT/DISARM OFFICER,10–16,물리적 저항 또는 무장 해제 시도,INTERFERENCE WITH PUBLIC OFFICER,13.0,Medium
OBSTRUCTING JUSTICE,12–20,사법 방해,INTERFERENCE WITH PUBLIC OFFICER,16.0,Medium
INTERFERENCE JUDICIAL PROCESS,10–18,재판 방해 (배심원 위협 등),INTERFERENCE WITH PUBLIC OFFICER,14.0,Medium
ESCAPE,13–17,구금 중 탈출,INTERFERENCE WITH PUBLIC OFFICER,15.0,Medium
OBSTRUCTING SERVICE,6–10,공무집행 방해,INTERFERENCE WITH PUBLIC OFFICER,8.0,Very Low
REFUSING TO AID AN OFFICER,2–4,경찰 지원 거부,INTERFERENCE WITH PUBLIC OFFICER,3.0,Very Low
CONCEALING/AIDING A FUGITIVE,8–14,도주자 은닉,INTERFERENCE WITH PUBLIC OFFICER,11.0,Low
CONTRABAND IN PRISON,10–16,교도소 내 밀반입,INTERFERENCE WITH PUBLIC OFFICER,13.0,Medium
AIDING ARRESTEE ESCAPE,10–14,체포자 탈출 도운 경우,INTERFERENCE WITH PUBLIC OFFICER,12.0,Low
OBSTRUCTING IDENTIFICATION,4–8,신분 허위 진술 등,INTERFERENCE WITH PUBLIC OFFICER,6.0,Very Low
RESIST / OBSTRUCT / DISARM OFFICER,10–16,중복 항목,INTERFERENCE WITH PUBLIC OFFICER,13.0,Medium
INTIMIDATION,12–18,협박 또는 위협,INTIMIDATION,15.0,Medium
EXTORTION,18–24,협박을 통한 금품 갈취,INTIMIDATION,21.0,Medium
COMPELLING ORG MEMBERSHIP,14–20,조직 가입 강요,INTIMIDATION,17.0,Medium
EDUCATIONAL INTIMIDAITON,10–16,교육기관 대상 위협,INTIMIDATION,13.0,Medium
COMPELLING CONFESSION,12–18,자백 강요,INTIMIDATION,15.0,Medium
INTIMIDATION OF LAW ENFORCEMENT OFFICIAL,16–22,경찰 대상 협박,INTIMIDATION,19.0,Medium
UNLAWFUL RESTRAINT,16–22,불법 억류,KIDNAPPING,19.0,Medium
CHILD ABDUCTION/STRANGER,28–34,납치 (타인),KIDNAPPING,31.0,High
AGGRAVATED,34–40,악질적 납치,KIDNAPPING,37.0,High
UNLAWFUL INTERFERE/VISITATION,6–10,방문권 방해,KIDNAPPING,8.0,Very Low
KIDNAPPING,28–34,일반 납치,KIDNAPPING,31.0,High
FORCIBLE DETENTION,30–36,인질 억류,KIDNAPPING,33.0,High
CHILD ABDUCTION / STRANGER,28–34,중복,KIDNAPPING,31.0,High
UNLAWFUL VISITATION INTERFERENCE,6–10,방문권 침해,KIDNAPPING,8.0,Very Low
ILLEGAL CONSUMPTION BY MINOR,2–4,미성년 음주,LIQUOR LAW VIOLATION,3.0,Very Low
LIQUOR LICENSE VIOLATION,4–6,주류 판매 규정 위반,LIQUOR LAW VIOLATION,5.0,Very Low
SELL/GIVE/DEL LIQUOR TO MINOR,6–10,미성년자에게 주류 제공,LIQUOR LAW VIOLATION,8.0,Very Low
MINOR MISREPRESENT AGE,2–4,나이 속이기,LIQUOR LAW VIOLATION,3.0,Very Low
SELL / GIVE / DELIVER LIQUOR TO MINOR,6–10,중복,LIQUOR LAW VIOLATION,8.0,Very Low
EMPLOY MINOR,3–5,미성년 고용,LIQUOR LAW VIOLATION,4.0,Very Low
ILLEGAL POSSESSION BY MINOR,2–4,미성년 소지,LIQUOR LAW VIOLATION,3.0,Very Low
AUTOMOBILE,16–22,자동차 절도,MOTOR VEHICLE THEFT,19.0,Medium
ATT: AUTOMOBILE,12–18,자동차 절도 시도,MOTOR VEHICLE THEFT,15.0,Medium
"TRUCK, BUS, MOTOR HOME",18–24,대형 차량 절도,MOTOR VEHICLE THEFT,21.0,Medium
THEFT/RECOVERY: AUTOMOBILE,14–20,절도 후 회수,MOTOR VEHICLE THEFT,17.0,Medium
"THEFT/RECOVERY: TRUCK,BUS,MHOME",16–22,대형차 회수 포함 절도,MOTOR VEHICLE THEFT,19.0,Medium
"CYCLE, SCOOTER, BIKE W-VIN",10–14,이륜차(VIN 있음) 절도,MOTOR VEHICLE THEFT,12.0,Low
"ATT: TRUCK, BUS, MOTOR HOME",14–20,대형차 절도 시도,MOTOR VEHICLE THEFT,17.0,Medium
"THEFT/RECOVERY: CYCLE, SCOOTER, BIKE W-VIN",10–14,이륜차 절도 후 회수,MOTOR VEHICLE THEFT,12.0,Low
"ATTEMPT: CYCLE, SCOOTER, BIKE W-VIN",8–12,이륜차 절도 시도,MOTOR VEHICLE THEFT,10.0,Low
"CYCLE, SCOOTER, BIKE NO VIN",8–12,이륜차 (VIN 없음) 절도,MOTOR VEHICLE THEFT,10.0,Low
"THEFT/RECOVERY: CYCLE, SCOOTER, BIKE NO VIN",8–12,이륜차 회수 포함 절도,MOTOR VEHICLE THEFT,10.0,Low
"ATTEMPT: CYCLE, SCOOTER, BIKE NO VIN",6–10,이륜차 절도 시도,MOTOR VEHICLE THEFT,8.0,Very Low
THEFT / RECOVERY - AUTOMOBILE,14–20,자동차 절도 후 회수,MOTOR VEHICLE THEFT,17.0,Medium
"CYCLE, SCOOTER, BIKE WITH VIN",10–14,이륜차 절도,MOTOR VEHICLE THEFT,12.0,Low
ATTEMPT - AUTOMOBILE,12–18,자동차 절도 시도,MOTOR VEHICLE THEFT,15.0,Medium
"ATTEMPT - TRUCK, BUS, MOTOR HOME",14–20,대형차 절도 시도,MOTOR VEHICLE THEFT,17.0,Medium
"THEFT / RECOVERY - CYCLE, SCOOTER, BIKE WITH VIN",10–14,회수된 이륜차 절도,MOTOR VEHICLE THEFT,12.0,Low
"THEFT / RECOVERY - TRUCK, BUS, MOBILE HOME",16–22,회수된 대형차 절도,MOTOR VEHICLE THEFT,19.0,Medium
"ATTEMPT - CYCLE, SCOOTER, BIKE WITH VIN",8–12,시도된 이륜차 절도,MOTOR VEHICLE THEFT,10.0,Low
"ATTEMPT - CYCLE, SCOOTER, BIKE NO VIN",6–10,시도된 이륜차 절도 (VIN 없음),MOTOR VEHICLE THEFT,8.0,Very Low
"THEFT / RECOVERY - CYCLE, SCOOTER, BIKE NO VIN",8–12,회수된 이륜차 절도 (VIN 없음),MOTOR VEHICLE THEFT,10.0,Low
MANU/DEL:CANNABIS 10GM OR LESS,8–12,소량 대마 제조/판매,NARCOTICS,10.0,Low
MANU/DELIVER:CRACK,18–22,크랙 제조/판매,NARCOTICS,20.0,Medium
POSS: CANNABIS 30GMS OR LESS,4–6,소량 대마 소지,NARCOTICS,5.0,Very Low
POSS: COCAINE,10–14,코카인 소지,NARCOTICS,12.0,Low
MANU/DELIVER:COCAINE,18–22,코카인 제조/판매,NARCOTICS,20.0,Medium
POSS: CRACK,10–14,크랙 소지,NARCOTICS,12.0,Low
MANU/DELIVER: HEROIN (WHITE),20–26,헤로인 제조/판매,NARCOTICS,23.0,High
POSS: HEROIN(WHITE),14–18,헤로인 소지,NARCOTICS,16.0,Medium
POSSESS - CRACK,10–14,크랙 소지,NARCOTICS,12.0,Low
FOUND SUSPECT NARCOTICS,4–6,의심 마약 발견,NARCOTICS,5.0,Very Low
ATTEMPT POSSESSION NARCOTICS,6–10,약물 소지 시도,NARCOTICS,8.0,Very Low
SOLICIT NARCOTICS ON PUBLICWAY,6–10,공공장소 약물 권유,NARCOTICS,8.0,Very Low
POSS: HALLUCINOGENS,8–12,환각제 소지,NARCOTICS,10.0,Low
MANU/DEL:CANNABIS OVER 10 GMS,12–16,다량 대마 제조/판매,NARCOTICS,14.0,Medium
POSS: CANNABIS MORE THAN 30GMS,6–10,다량 대마 소지,NARCOTICS,8.0,Very Low
POSSESSION OF DRUG EQUIPMENT,4–6,주사기 또는 약물 도구 소지,NARCOTICS,5.0,Very Low
FORFEIT PROPERTY,6–10,마약 관련 재산 몰수,NARCOTICS,8.0,Very Low
MANU/DELIVER: HALLUCINOGEN,14–18,환각제 제조/판매,NARCOTICS,16.0,Medium
MANU/DELIVER:SYNTHETIC DRUGS,14–18,합성 약물 제조/판매,NARCOTICS,16.0,Medium
MANU/DELIVER:BARBITUATES,14–18,바르비투르산 제조/판매,NARCOTICS,16.0,Medium
POSS: METHAMPHETAMINES,12–16,필로폰(Meth) 소지,NARCOTICS,14.0,Medium
POSS: HEROIN(BLACK TAR),14–18,헤로인 소지,NARCOTICS,16.0,Medium
POSS: HEROIN(BRN/TAN),14–18,헤로인 소지,NARCOTICS,16.0,Medium
MANU/DELIVER:PCP,16–20,PCP 제조/판매,NARCOTICS,18.0,Medium
POSS: PCP,10–14,PCP 소지,NARCOTICS,12.0,Low
SALE/DEL HYPODERMIC NEEDLE,12–18,기타 제조/판매,NARCOTICS,15.0,Medium
POS: HYPODERMIC NEEDLE,4–6,주사기 또는 약물 도구 소지,NARCOTICS,5.0,Very Low
POSSESS - CANNABIS 30 GRAMS OR LESS,4–6,소량 대마 소지,NARCOTICS,5.0,Very Low
ALTER/FORGE PRESCRIPTION,10–14,처방전 위조,NARCOTICS,12.0,Low
POSS: SYNTHETIC DRUGS,6–10,합성 약물 소지,NARCOTICS,8.0,Very Low
MANU/DELIVER:LOOK-ALIKE DRUG,10–14,유사 약물 제조/판매,NARCOTICS,12.0,Low
MANU/DELIVER:HEROIN(BLACK TAR),20–26,헤로인 제조/판매,NARCOTICS,23.0,High
POSS: AMPHETAMINES,10–14,암페타민 소지,NARCOTICS,12.0,Low
POSS: BARBITUATES,8–12,바르비투르산 소지,NARCOTICS,10.0,Low
POSS: LOOK-ALIKE DRUGS,6–10,유사 약물 소지,NARCOTICS,8.0,Very Low
MANU/DELIVER: HEROIN(BRN/TAN),20–26,헤로인 제조/판매,NARCOTICS,23.0,High
DELIVER CANNABIS TO PERSON <18,22–28,미성년자 대상 판매,NARCOTICS,25.0,High
MANU/DELIVER:AMPHETAMINES,16–20,암페타민 제조/판매,NARCOTICS,18.0,Medium
ATTEMPT POSSESSION CANNABIS,6–10,약물 소지 시도,NARCOTICS,8.0,Very Low
CRIMINAL DRUG CONSPIRACY,14–20,마약 관련 음모,NARCOTICS,17.0,Medium
DEL CONT SUBS TO PERSON <18,22–28,미성년자 대상 판매,NARCOTICS,25.0,High
CANNABIS PLANT,6–10,대마초 재배,NARCOTICS,8.0,Very Low
SALE/DEL DRUG PARAPHERNALIA,12–18,기타 제조/판매,NARCOTICS,15.0,Medium
FAILURE TO KEEP HYPO RECORDS,6–10,기록 유지 실패/미등록,NARCOTICS,8.0,Very Low
CONT SUBS:FAIL TO MAINT RECORD,6–10,기록 유지 실패/미등록,NARCOTICS,8.0,Very Low
CALCULATED CANNABIS CONSPIRACY,14–20,마약 관련 음모,NARCOTICS,17.0,Medium
FAIL REGISTER LIC:CONT SUBS,6–10,기록 유지 실패/미등록,NARCOTICS,8.0,Very Low
MANU/DELIVER: METHAMPHETAMINES,18–24,필로폰(Meth) 제조/판매,NARCOTICS,21.0,Medium
POSSESS - HEROIN (TAN / BROWN TAR),14–18,헤로인 소지,NARCOTICS,16.0,Medium
MANUFACTURE / DELIVER - CANNABIS OVER 10 GRAMS,12–16,다량 대마 제조/판매,NARCOTICS,14.0,Medium
POSSESS - HALLUCINOGENS,8–12,환각제 소지,NARCOTICS,10.0,Low
POSSESS - COCAINE,10–14,코카인 소지,NARCOTICS,12.0,Low
MANUFACTURE / DELIVER - CRACK,18–22,크랙 제조/판매,NARCOTICS,20.0,Medium
POSSESS - HEROIN (WHITE),14–18,헤로인 소지,NARCOTICS,16.0,Medium
POSSESS - CANNABIS MORE THAN 30 GRAMS,6–10,다량 대마 소지,NARCOTICS,8.0,Very Low
POSSESSION: SYNTHETIC MARIJUANA,6–10,합성 대마/약물 소지,NARCOTICS,8.0,Very Low
MANU/POSS. W/INTENT TO DELIVER: SYNTHETIC MARIJUANA,14–18,합성 약물 제조/판매,NARCOTICS,16.0,Medium
MANUFACTURE / DELIVER -  HEROIN (WHITE),20–26,헤로인 제조/판매,NARCOTICS,23.0,High
POSSESS - SYNTHETIC DRUGS,6–10,합성 약물 소지,NARCOTICS,8.0,Very Low
MANUFACTURE / DELIVER - SYNTHETIC DRUGS,14–18,합성 약물 제조/판매,NARCOTICS,16.0,Medium
ALTER / FORGE PRESCRIPTION,10–14,처방전 위조,NARCOTICS,12.0,Low
MANUFACTURE / DELIVER - CANNABIS 10 GRAMS OR LESS,8–12,소량 대마 제조/판매,NARCOTICS,10.0,Low
POSSESS - METHAMPHETAMINE,12–16,필로폰(Meth) 소지,NARCOTICS,14.0,Medium
SOLICIT NARCOTICS ON PUBLIC WAY,6–10,공공장소 약물 권유,NARCOTICS,8.0,Very Low
POSSESS - BARBITURATES,8–12,바르비투르산 소지,NARCOTICS,10.0,Low
MANUFACTURE / DELIVER - HALLUCINOGEN,14–18,환각제 제조/판매,NARCOTICS,16.0,Medium
MANUFACTURE / DELIVER - PCP,16–20,PCP 제조/판매,NARCOTICS,18.0,Medium
MANUFACTURE / DELIVER - HEROIN (TAN / BROWN TAR),20–26,헤로인 제조/판매,NARCOTICS,23.0,High
MANUFACTURE / DELIVER - COCAINE,18–22,코카인 제조/판매,NARCOTICS,20.0,Medium
POSSESS - AMPHETAMINES,10–14,암페타민 소지,NARCOTICS,12.0,Low
SALE / DELIVER - DRUG PARAPHERNALIA,12–18,기타 제조/판매,NARCOTICS,15.0,Medium
POSSESS - PCP,10–14,PCP 소지,NARCOTICS,12.0,Low
MANUFACTURE / DELIVER - BARBITURATES,14–18,바르비투르산 제조/판매,NARCOTICS,16.0,Medium
POSSESS - HEROIN (BLACK TAR),14–18,헤로인 소지,NARCOTICS,16.0,Medium
MANUFACTURE / DELIVER - METHAMPHETAMINE,18–24,필로폰(Meth) 제조/판매,NARCOTICS,21.0,Medium
MANUFACTURE / DELIVER - SYNTHETIC MARIJUANA,14–18,합성 약물 제조/판매,NARCOTICS,16.0,Medium
MANUFACTURE / DELIVER - AMPHETAMINES,16–20,암페타민 제조/판매,NARCOTICS,18.0,Medium
MANUFACTURE / DELIVER - HEROIN (BLACK TAR),20–26,헤로인 제조/판매,NARCOTICS,23.0,High
DELIVER CANNABIS TO PERSON UNDER 18,22–28,미성년자 대상 판매,NARCOTICS,25.0,High
POSSESS - HYPODERMIC NEEDLE,4–6,주사기 또는 약물 도구 소지,NARCOTICS,5.0,Very Low
DELIVER CONTROLLED SUBSTANCES TO PERSON UNDER 18,22–28,미성년자 대상 판매,NARCOTICS,25.0,High
POSSESS - LOOK-ALIKE DRUGS,6–10,유사 약물 소지,NARCOTICS,8.0,Very Low
FAILURE TO MAINTAIN RECORDS - CONTROLLED SUBSTANCES,6–10,기록 유지 실패/미등록,NARCOTICS,8.0,Very Low
POSSESSION - SYNTHETIC MARIJUANA,6–10,합성 대마/약물 소지,NARCOTICS,8.0,Very Low
MANUFACTURE / DELIVER - LOOK-ALIKE DRUG,10–14,유사 약물 제조/판매,NARCOTICS,12.0,Low
OBSCENE MATTER,6–10,음란물 소지 또는 유통,OBSCENITY,8.0,Very Low
SALE/DIST OBSCENE MAT TO MINOR,10–14,미성년자에게 음란물 판매/배포,OBSCENITY,12.0,Low
OBSCENITY,6–10,일반적인 음란행위 관련 범죄,OBSCENITY,8.0,Very Low
SALE OF OBSCENE MATERIALS,8–12,음란물 판매 행위,OBSCENITY,10.0,Low
SALE / DISTRIBUTE OBSCENE MATERIAL TO MINOR,10–14,미성년자 대상 음란물 배포,OBSCENITY,12.0,Low
POST GRAPHIC INFO PORGNOGRAPHIC INTERNET OR POSS GRAPHIC INF,10–14,포르노 이미지 온라인 게시 또는 소지,OBSCENITY,12.0,Low
SEXUAL ASSAULT OF CHILD BY FAMILY MEMBER,30–38,가족에 의한 아동 성폭행,OFFENSE INVOLVING CHILDREN,34.0,High
AGGRAVATED CRIMINAL SEXUAL ABUSE BY FAMILY MEMBER,28–36,가중처벌 대상 가족 내 아동 성학대,OFFENSE INVOLVING CHILDREN,32.0,High
AGGRAVATED SEXUAL ASSAULT OF CHILD BY FAMILY MEMBER,32–40,가중처벌 대상 가족 내 아동 성폭행,OFFENSE INVOLVING CHILDREN,36.0,High
AGG CRIM SEX ABUSE FAM MEMBER,28–36,가중처벌 가족 성적 학대 (약어),OFFENSE INVOLVING CHILDREN,32.0,High
ENDANGERING LIFE/HEALTH CHILD,12–18,아동의 생명 또는 건강 위협,OFFENSE INVOLVING CHILDREN,15.0,Medium
CHILD ABUSE,16–24,아동 학대 (정신적/신체적),OFFENSE INVOLVING CHILDREN,20.0,Medium
CRIMINAL SEXUAL ABUSE BY FAMILY MEMBER,24–32,가족에 의한 성적 학대,OFFENSE INVOLVING CHILDREN,28.0,High
AGG SEX ASSLT OF CHILD FAM MBR,32–40,가중처벌 가족 내 아동 성폭행 (약어),OFFENSE INVOLVING CHILDREN,36.0,High
SEX ASSLT OF CHILD BY FAM MBR,30–38,가족에 의한 아동 성폭행 (약어),OFFENSE INVOLVING CHILDREN,34.0,High
CRIM SEX ABUSE BY FAM MEMBER,24–32,가족 구성원에 의한 성적 학대 (약어),OFFENSE INVOLVING CHILDREN,28.0,High
CHILD PORNOGRAPHY,28–38,아동 포르노 제작/소지/배포,OFFENSE INVOLVING CHILDREN,33.0,High
CONTRIBUTE TO THE DELINQUENCY OF CHILD,8–14,아동 비행 조장,OFFENSE INVOLVING CHILDREN,11.0,Low
CHILD ABDUCTION,28–36,아동 유괴,OFFENSE INVOLVING CHILDREN,32.0,High
HARBOR RUNAWAY,6–10,가출 아동 은닉,OFFENSE INVOLVING CHILDREN,8.0,Very Low
CONTRIBUTE DELINQUENCY OF A CHILD,8–14,아동 비행 조장 (중복),OFFENSE INVOLVING CHILDREN,11.0,Low
OTHER OFFENSE,6–12,기타 아동 관련 범죄,OFFENSE INVOLVING CHILDREN,9.0,Low
CHILD ABANDONMENT,12–18,아동 유기,OFFENSE INVOLVING CHILDREN,15.0,Medium
CONTRIBUTE CRIM DELINQUENCY JUVENILE,10–16,청소년 범죄 유도,OFFENSE INVOLVING CHILDREN,13.0,Medium
POS: PORNOGRAPHIC PRINT,10–14,음란물 인쇄물 소지,OFFENSE INVOLVING CHILDREN,12.0,Low
SALE TOBACCO PRODUCTS TO MINOR,4–8,미성년자 대상 담배 판매,OFFENSE INVOLVING CHILDREN,6.0,Very Low
ENDANGERING LIFE / HEALTH OF CHILD,12–18,아동의 생명/건강 위협 (중복),OFFENSE INVOLVING CHILDREN,15.0,Medium
POSSESSION OF PORNOGRAPHIC PRINT,10–14,음란물 인쇄물 소지 (중복),OFFENSE INVOLVING CHILDREN,12.0,Low
DISTRIBUTION PHOTOGRAPH DEPICTING SEX ORGANS OF CHILD,30–38,아동 성기 묘사 사진 배포,OFFENSE INVOLVING CHILDREN,34.0,High
SALE OF TOBACCO PRODUCTS TO MINOR,4–8,담배 미성년자 판매 (중복),OFFENSE INVOLVING CHILDREN,6.0,Very Low
CONTRIBUTE TO THE CRIMINAL DELINQUENCY OF CHILD,10–16,아동 범죄 조장 (중복),OFFENSE INVOLVING CHILDREN,13.0,Medium
MINOR DISSEMINATE INDECENT DEPICT ANOTHER MINOR ELEC DEVICE,16–24,미성년자 간 음란물 이미지 전송,OFFENSE INVOLVING CHILDREN,20.0,Medium
INTOXICATING COMPOUNDS,8–14,흡입 등으로 환각 유발 물질 소지/사용,OTHER NARCOTIC VIOLATION,11.0,Low
OTHER CRIME AGAINST PERSON,6–10,기타 기타/기록 위반/기타 범죄,OTHER OFFENSE,8.0,Very Low
HARASSMENT BY ELECTRONIC MEANS,6–10,전자적 괴롭힘 또는 전화 위협,OTHER OFFENSE,8.0,Very Low
OTHER CRIME INVOLVING PROPERTY,6–10,기타 기타/기록 위반/기타 범죄,OTHER OFFENSE,8.0,Very Low
TELEPHONE THREAT,6–10,전자적 괴롭힘 또는 전화 위협,OTHER OFFENSE,8.0,Very Low
SEX OFFENDER: FAIL TO REGISTER,8–12,등록 의무 위반 또는 변경사항 미신고,OTHER OFFENSE,10.0,Low
VIOLATE ORDER OF PROTECTION,8–12,접근금지/감시 장치 위반,OTHER OFFENSE,10.0,Low
HARASSMENT BY TELEPHONE,6–10,전자적 괴롭힘 또는 전화 위협,OTHER OFFENSE,8.0,Very Low
OTHER VEHICLE OFFENSE,6–10,차량 등록/소유 위반,OTHER OFFENSE,8.0,Very Low
FALSE/STOLEN/ALTERED TRP,10–14,허위/도난/변조된 차량 문서,OTHER OFFENSE,12.0,Low
SEX OFFENDER: PROHIBITED ZONE,8–12,등록 의무 위반 또는 변경사항 미신고,OTHER OFFENSE,10.0,Low
POSSESSION OF BURGLARY TOOLS,10–14,기타 기타/기록 위반/기타 범죄,OTHER OFFENSE,12.0,Low
MONEY LAUNDERING,14–18,자금 세탁,OTHER OFFENSE,16.0,Medium
VEHICLE TITLE/REG OFFENSE,6–10,차량 등록/소유 위반,OTHER OFFENSE,8.0,Very Low
LICENSE VIOLATION,6–10,차량 등록/소유 위반,OTHER OFFENSE,8.0,Very Low
OBSCENE TELEPHONE CALLS,6–10,전자적 괴롭힘 또는 전화 위협,OTHER OFFENSE,8.0,Very Low
VIO BAIL BOND: DOM VIOLENCE,10–14,보석/집행유예 조건 위반,OTHER OFFENSE,12.0,Low
SEX OFFENDER: FAIL REG NEW ADD,8–12,등록 의무 위반 또는 변경사항 미신고,OTHER OFFENSE,10.0,Low
OTHER ARSON/EXPLOSIVE INCIDENT,6–10,기타 기타/기록 위반/기타 범죄,OTHER OFFENSE,8.0,Very Low
INTERFERE W/ HIGHER EDUCATION,6–10,기타 기타/기록 위반/기타 범죄,OTHER OFFENSE,8.0,Very Low
ANIMAL FIGHTING,10–14,동물 싸움 조장,OTHER OFFENSE,12.0,Low
ANIMAL ABUSE/NEGLECT,6–10,동물 학대 또는 방치,OTHER OFFENSE,8.0,Very Low
OTHER WEAPONS VIOLATION,12–16,무기 또는 보호구 위반,OTHER OFFENSE,14.0,Medium
EAVESDROPPING,6–10,불법 도청,OTHER OFFENSE,8.0,Very Low
TAMPER WITH MOTOR VEHICLE,6–10,차량 등록/소유 위반,OTHER OFFENSE,8.0,Very Low
HAZARDOUS MATERIALS VIOLATION,6–10,기타 기타/기록 위반/기타 범죄,OTHER OFFENSE,8.0,Very Low
COMPOUNDING A CRIME,6–10,기타 기타/기록 위반/기타 범죄,OTHER OFFENSE,8.0,Very Low
ABUSE/NEGLECT: CARE FACILITY,8–12,요양시설 내 학대 또는 방임,OTHER OFFENSE,10.0,Low
PROBATION VIOLATION,10–14,보석/집행유예 조건 위반,OTHER OFFENSE,12.0,Low
FIREARM REGISTRATION VIOLATION,12–16,무기 또는 보호구 위반,OTHER OFFENSE,14.0,Medium
BOARD PLANE WITH WEAPON,12–16,무기 또는 보호구 위반,OTHER OFFENSE,14.0,Medium
PAROLE VIOLATION,10–14,보석/집행유예 조건 위반,OTHER OFFENSE,12.0,Low
UNLAWFUL USE OF BODY ARMOR,12–16,무기 또는 보호구 위반,OTHER OFFENSE,14.0,Medium
VIOLATION OF SMOKING BAN,6–10,기타 기타/기록 위반/기타 범죄,OTHER OFFENSE,8.0,Very Low
ANIMAL ABUSE / NEGLECT,6–10,동물 학대 또는 방치,OTHER OFFENSE,8.0,Very Low
VIOLATION GPS MONITORING DEVICE,8–12,전자감시 장치 위반,OTHER OFFENSE,10.0,Low
GUN OFFENDER: DUTY TO REGISTER,8–12,등록 의무 위반 또는 변경사항 미신고,OTHER OFFENSE,10.0,Low
VIOLATION OF CIVIL NO CONTACT ORDER,8–12,접근금지/감시 장치 위반,OTHER OFFENSE,10.0,Low
DISCLOSE DV VICTIM LOCATION,8–12,접근금지/감시 장치 위반,OTHER OFFENSE,10.0,Low
GUN OFFENDER: ANNUAL REGISTRATION,8–12,등록 의무 위반 또는 변경사항 미신고,OTHER OFFENSE,10.0,Low
SEX OFFENDER - FAIL TO REGISTER,8–12,등록 의무 위반 또는 변경사항 미신고,OTHER OFFENSE,10.0,Low
VIOLENT OFFENDER: ANNUAL REGISTRATION,8–12,등록 의무 위반 또는 변경사항 미신고,OTHER OFFENSE,10.0,Low
GUN OFFENDER: DUTY TO REPORT CHANGE OF INFORMATION,8–12,등록 의무 위반 또는 변경사항 미신고,OTHER OFFENSE,10.0,Low
VIOLENT OFFENDER: FAIL TO REGISTER NEW ADDRESS,8–12,등록 의무 위반 또는 변경사항 미신고,OTHER OFFENSE,10.0,Low
VIOLENT OFFENDER: DUTY TO REGISTER,8–12,등록 의무 위반 또는 변경사항 미신고,OTHER OFFENSE,10.0,Low
ARSONIST: ANNUAL REGISTRATION,8–12,등록 의무 위반 또는 변경사항 미신고,OTHER OFFENSE,10.0,Low
VIOLATION OF SUMMARY CLOSURE,6–10,기타 기타/기록 위반/기타 범죄,OTHER OFFENSE,8.0,Very Low
SEX OFFENDER - FAIL TO REGISTER NEW ADDRESS,8–12,등록 의무 위반 또는 변경사항 미신고,OTHER OFFENSE,10.0,Low
FALSE / STOLEN / ALTERED TRP,10–14,허위/도난/변조된 차량 문서,OTHER OFFENSE,12.0,Low
SEX OFFENDER - PROHIBITED ZONE,8–12,등록 의무 위반 또는 변경사항 미신고,OTHER OFFENSE,10.0,Low
VIOLENT OFFENDER - FAIL TO REGISTER NEW ADDRESS,8–12,등록 의무 위반 또는 변경사항 미신고,OTHER OFFENSE,10.0,Low
ARSONIST: FAIL TO REGISTER NEW ADDRESS,8–12,등록 의무 위반 또는 변경사항 미신고,OTHER OFFENSE,10.0,Low
ARSONIST - ANNUAL REGISTRATION,8–12,등록 의무 위반 또는 변경사항 미신고,OTHER OFFENSE,10.0,Low
ARSONIST: DUTY TO REGISTER,8–12,등록 의무 위반 또는 변경사항 미신고,OTHER OFFENSE,10.0,Low
ARSONIST - FAIL TO REGISTER NEW ADDRESS,8–12,등록 의무 위반 또는 변경사항 미신고,OTHER OFFENSE,10.0,Low
VIOLENT OFFENDER - ANNUAL REGISTRATION,8–12,등록 의무 위반 또는 변경사항 미신고,OTHER OFFENSE,10.0,Low
ABUSE / NEGLECT - CARE FACILITY,8–12,요양시설 내 학대 또는 방임,OTHER OFFENSE,10.0,Low
VEHICLE TITLE / REGISTRATION OFFENSE,6–10,차량 등록/소유 위반,OTHER OFFENSE,8.0,Very Low
VIOLENT OFFENDER - DUTY TO REGISTER,8–12,등록 의무 위반 또는 변경사항 미신고,OTHER OFFENSE,10.0,Low
GUN OFFENDER - ANNUAL REGISTRATION,8–12,등록 의무 위반 또는 변경사항 미신고,OTHER OFFENSE,10.0,Low
GUN OFFENDER - DUTY TO REGISTER,8–12,등록 의무 위반 또는 변경사항 미신고,OTHER OFFENSE,10.0,Low
VIOLATION OF BAIL BOND - DOMESTIC VIOLENCE,10–14,보석/집행유예 조건 위반,OTHER OFFENSE,12.0,Low
GUN OFFENDER - DUTY TO REPORT CHANGE OF INFORMATION,8–12,등록 의무 위반 또는 변경사항 미신고,OTHER OFFENSE,10.0,Low
OTHER ARSON / EXPLOSIVE INCIDENT,6–10,기타 기타/기록 위반/기타 범죄,OTHER OFFENSE,8.0,Very Low
DISCLOSE DOMESTIC VIOLENCE VICTIM LOCATION,8–12,접근금지/감시 장치 위반,OTHER OFFENSE,10.0,Low
INTERNET OFFENSES - ELECTRONIC FENCING,6–10,기타 기타/기록 위반/기타 범죄,OTHER OFFENSE,8.0,Very Low
INTERFERE WITH HIGHER EDUCATION,6–10,기타 기타/기록 위반/기타 범죄,OTHER OFFENSE,8.0,Very Low
SOLICIT ON PUBLIC WAY,6–8  ,길거리에서 성매매를 권유한 경우,PROSTITUTION,7.0,Very Low
SOLICIT FOR BUSINESS,6–8  ,성매매 목적의 영업 권유,PROSTITUTION,7.0,Very Low
PATRONIZING A PROSTITUTE,6–8  ,성매매 여성 구매,PROSTITUTION,7.0,Very Low
PIMPING,10–14  ,포주 행위,PROSTITUTION,12.0,Low
CALL OPERATION,10–14  ,성매매 콜센터 운영,PROSTITUTION,12.0,Low
OTHER PROSTITUTION OFFENSE,6–10  ,기타 성매매 관련 범죄,PROSTITUTION,8.0,Very Low
SOLICIT OFF PUBLIC WAY,6–8  ,공공장소 외에서 성매매 권유,PROSTITUTION,7.0,Very Low
CAB OPERATION,8–10  ,택시 내 성매매 알선,PROSTITUTION,9.0,Low
SOLICIT FOR PROSTITUTE,6–8  ,매춘부를 위해 권유,PROSTITUTION,7.0,Very Low
IN TAVERN,8–10  ,술집에서 성매매,PROSTITUTION,9.0,Low
PANDERING,10–16  ,성매매 강요 또는 유도,PROSTITUTION,13.0,Medium
KEEP PLACE OF PROSTITUTION,10–16  ,성매매 장소 운영,PROSTITUTION,13.0,Medium
JUVENILE PIMPING,24–28  ,미성년자 대상 포주,PROSTITUTION,26.0,High
PATRONIZE JUVENILE PROSTITUTE,22–26  ,미성년자와의 성매매,PROSTITUTION,24.0,High
KEEP PLACE OF JUV PROSTITUTION,24–28  ,미성년자 성매매 장소 운영,PROSTITUTION,26.0,High
SOLICITING FOR A PROSTITUTE,6–8  ,성매매 유도 행위,PROSTITUTION,7.0,Very Low
SOLICITING FOR BUSINESS,6–8  ,상업적 성매매 유도,PROSTITUTION,7.0,Very Low
KEEPING PLACE OF PROSTITUTION,10–16  ,성매매 공간 유지,PROSTITUTION,13.0,Medium
LICENSED PREMISE,6–8  ,공공장소/영업장 내 외설 행위,PUBLIC INDECENCY,7.0,Very Low
RECKLESS CONDUCT,6–10  ,무모한 행동 (공공 안전 위협),PUBLIC PEACE VIOLATION,8.0,Very Low
BOMB THREAT,20–26  ,폭탄 협박,PUBLIC PEACE VIOLATION,23.0,High
ARSON THREAT,18–24  ,방화 협박,PUBLIC PEACE VIOLATION,21.0,Medium
MOB ACTION,12–16  ,폭력적 군중 행동,PUBLIC PEACE VIOLATION,14.0,Medium
FALSE POLICE REPORT,6–8  ,허위 신고,PUBLIC PEACE VIOLATION,7.0,Very Low
FALSE FIRE ALARM,6–8  ,허위 화재신고,PUBLIC PEACE VIOLATION,7.0,Very Low
PEEPING TOM,6–8  ,불법 엿보기,PUBLIC PEACE VIOLATION,7.0,Very Low
LOOTING,12–16  ,약탈 행위,PUBLIC PEACE VIOLATION,14.0,Medium
SELL/ADVERTISE FIREWORKS,4–6  ,불법 폭죽 판매/광고,PUBLIC PEACE VIOLATION,5.0,Very Low
PUBLIC DEMONSTRATION,4–6  ,허가 없는 시위,PUBLIC PEACE VIOLATION,5.0,Very Low
OTHER VIOLATION,4–10  ,기타 공공질서 위반,PUBLIC PEACE VIOLATION,7.0,Very Low
ARMED VIOLENCE,20–28  ,무장 폭력 행위,PUBLIC PEACE VIOLATION,24.0,High
INTERFERE W/ EMERGENCY EQUIP,10–14  ,긴급 장비 방해,PUBLIC PEACE VIOLATION,12.0,Low
INTERFERE WITH EMERGENCY EQUIPMENT,10–14  ,응급 장비 사용 방해,PUBLIC PEACE VIOLATION,12.0,Low
SELL / ADVERTISE FIREWORKS,4–6  ,불법 폭죽 판매/홍보,PUBLIC PEACE VIOLATION,5.0,Very Low
TIRE DEFLATION DEVICE DEPLOYMENT,10–14  ,차량 타이어 파열 장치 사용,PUBLIC PEACE VIOLATION,12.0,Low
AGG RITUAL MUT:KNIFE/CUTTING I,20–26,칼 등 도구로 의식적 신체 훼손 (가해 행위 포함),RITUALISM,23.0,High
AGG RITUAL MUT:OTH DANG WEAPON,22–28,위험 무기로 의식적 신체 훼손,RITUALISM,25.0,High
AGG RITUAL MUT:HANDGUN,24–30,총기를 사용한 의식적 신체 훼손,RITUALISM,27.0,High
AGG RIT MUT: HANDS/FIST/FEET NO/MINOR INJURY,16–20,맨손 등으로 경미한 신체 훼손이 있는 의식적 폭력행위,RITUALISM,18.0,Medium
AGG RIT MUT: HANDS/FIST/FEET SERIOUS INJURY,22–28,맨손 등으로 심각한 신체 훼손이 있는 의식적 폭력행위,RITUALISM,25.0,High
"AGG. RITUAL MUTILATION - HANDS, FISTS, FEET, SERIOUS INJURY",24–30,심각한 신체 훼손이 포함된 의식적 훼손 전반,RITUALISM,27.0,High
ARMED - HANDGUN,24–30,권총으로 무장 강도,ROBBERY,27.0,High
STRONG ARM - NO WEAPON,18–22,무기 없이 신체적 힘을 사용한 강도,ROBBERY,20.0,Medium
ARMED - KNIFE / CUTTING INSTRUMENT,22–28,칼 또는 절단 도구로 무장한 강도,ROBBERY,25.0,High
ATTEMPT ARMED - HANDGUN,22–26,권총 무장 강도의 시도,ROBBERY,24.0,High
ATTEMPT STRONG ARM - NO WEAPON,16–20,무기 없이 신체적 강도의 시도,ROBBERY,18.0,Medium
AGGRAVATED VEHICULAR HIJACKING,28–32,차량을 무기로 이용한 중강도,ROBBERY,30.0,High
ATTEMPT ARMED - KNIFE / CUTTING INSTRUMENT,20–24,칼 무장 강도 시도,ROBBERY,22.0,High
ARMED - OTHER DANGEROUS WEAPON,22–28,기타 위험 무기로 무장한 강도,ROBBERY,25.0,High
ARMED - OTHER FIREARM,24–30,기타 총기(예: 산탄총 등)으로 무장한 강도,ROBBERY,27.0,High
AGGRAVATED,26–32,가중 강도 (심각한 상해 또는 위험 상황 포함),ROBBERY,29.0,High
ARMED: HANDGUN,24–30,권총으로 무장한 강도 (표기 방식 차이),ROBBERY,27.0,High
ATTEMPT ARMED - OTHER DANGEROUS WEAPON,20–24,기타 위험 무기 무장 강도의 시도,ROBBERY,22.0,High
VEHICULAR HIJACKING,26–32,차량 탈취 범죄,ROBBERY,29.0,High
ATTEMPT: ARMED-HANDGUN,22–26,권총 무장 강도의 시도 (표기 방식 차이),ROBBERY,24.0,High
STRONGARM - NO WEAPON,18–22,무기 없는 신체적 강도 (표기 방식 차이),ROBBERY,20.0,Medium
ATTEMPT: STRONGARM-NO WEAPON,16–20,무기 없는 신체적 강도 시도 (표기 방식 차이),ROBBERY,18.0,Medium
ARMED:KNIFE/CUTTING INSTRUMENT,22–28,칼 무장 강도 (표기 방식 차이),ROBBERY,25.0,High
ARMED: OTHER DANGEROUS WEAPON,22–28,기타 위험 무기로 무장한 강도 (표기 방식 차이),ROBBERY,25.0,High
ATTEMPT: ARMED-OTHER FIREARM,22–26,기타 총기 무장 강도 시도,ROBBERY,24.0,High
ATTEMPT: ARMED-KNIFE/CUT INSTR,20–24,칼 무장 강도 시도 (표기 방식 차이),ROBBERY,22.0,High
ATTEMPT: ARMED-OTHER DANG WEAP,20–24,기타 위험 무기 강도 시도,ROBBERY,22.0,High
ARMED: OTHER FIREARM,24–30,기타 총기 무장 강도 (표기 방식 차이),ROBBERY,27.0,High
ATTEMPT: AGGRAVATED,24–28,가중 강도 시도,ROBBERY,26.0,High
ATTEMPT AGGRAVATED,24–28,가중 강도 시도 (표기 방식 차이),ROBBERY,26.0,High
ATTEMPT ARMED - OTHER FIREARM,22–26,기타 총기 무장 강도 시도 (다른 표기),ROBBERY,24.0,High
STRONGARM: NO WEAPON,18–22,무기 없는 신체적 강도 (다른 표기),ROBBERY,20.0,Medium
ATTEMPT STRONG ARM: NO WEAPON,16–20,무기 없는 신체적 강도 시도 (다른 표기),ROBBERY,18.0,Medium
ATTEMPT ARMED: HANDGUN,22–26,권총 무장 강도 시도 (다른 표기),ROBBERY,24.0,High
CRIMINAL SEXUAL ABUSE,16–20,성적 학대,SEX OFFENSE,18.0,Medium
AGGRAVATED CRIMINAL SEXUAL ABUSE,20–26,가중 성적 학대,SEX OFFENSE,23.0,High
SEXUAL EXPLOITATION OF A CHILD,18–24,아동 대상 성 착취,SEX OFFENSE,21.0,Medium
BIGAMY,6–10,중혼 관련 범죄,SEX OFFENSE,8.0,Very Low
AGG CRIMINAL SEXUAL ABUSE,20–26,가중 성적 학대,SEX OFFENSE,23.0,High
SEXUAL RELATIONS IN FAMILY,14–18,가족 간 부적절한 성관계,SEX OFFENSE,16.0,Medium
PUBLIC INDECENCY,6–10,공공장소에서의 음란행위,SEX OFFENSE,8.0,Very Low
INDECENT SOLICITATION/CHILD,16–20,아동 대상 음란 유도,SEX OFFENSE,18.0,Medium
ATT AGG CRIMINAL SEXUAL ABUSE,16–20,가중 성학대 미수,SEX OFFENSE,18.0,Medium
INDECENT SOLICITATION OF A CHILD,16–20,아동 대상 음란 유도,SEX OFFENSE,18.0,Medium
OTHER,	10–14,기타 또는 분류 불가,SEX OFFENSE,12.0,Low
CRIMINAL TRANSMISSION OF HIV,14–20,HIV 고의 전염,SEX OFFENSE,17.0,Medium
ATT CRIM SEXUAL ABUSE,12–16,성학대 미수,SEX OFFENSE,14.0,Medium
INDECENT SOLICITATION/ADULT,10–14,성인 대상 음란 유도,SEX OFFENSE,12.0,Low
ATT AGG CRIM SEXUAL ABUSE,16–20,가중 성학대 미수,SEX OFFENSE,18.0,Medium
SEX RELATION IN FAMILY,14–18,가족 간 부적절한 성관계,SEX OFFENSE,16.0,Medium
ADULTRY,4–6,간통 또는 혼외 성관계 (기초 범죄),SEX OFFENSE,5.0,Very Low
FORNICATION,4–6,간통 또는 혼외 성관계 (기초 범죄),SEX OFFENSE,5.0,Very Low
MARRYING A BIGAMIST,6–10,중혼 관련 범죄,SEX OFFENSE,8.0,Very Low
ATTEMPT CRIMINAL SEXUAL ABUSE,12–16,성학대 미수,SEX OFFENSE,14.0,Medium
ATTEMPT AGGRAVATED CRIMINAL SEXUAL ABUSE,16–20,가중 성학대 미수,SEX OFFENSE,18.0,Medium
NON-CONSENSUAL DISSEMINATION PRIVATE SEXUAL IMAGES,14–18,비동의 성적 이미지 배포,SEX OFFENSE,16.0,Medium
NON-CONSENSUAL DISSEMINATION OF PRIVATE SEXUAL IMAGES,14–18,비동의 성적 이미지 배포,SEX OFFENSE,16.0,Medium
INDECENT SOLICITATION OF AN ADULT,10–14,성인 대상 음란 유도,SEX OFFENSE,12.0,Low
CRIMINAL SEXUAL ABUSE - SEXUAL PENETRATION,22–28,성적 침투를 포함한 성학대,SEX OFFENSE,25.0,High
AGG CRIM SEX ABUSE - VIC 13-16 YOA - OFF 5 YR OLDER PENETRAT,22–28,성적 침투 포함 + 연령 차이 있는 가중 성학대,SEX OFFENSE,25.0,High
CRIM SEX ABUSE-PENETRATE - OFF < 5 YRS OLDER - VIC 13-16 YOA,20–24,연령 차이 적은 경우의 성적 침투 포함 성학대,SEX OFFENSE,22.0,High
SOLICITATION OF A SEXUAL ACT,10–14,성적 행위 권유,SEX OFFENSE,12.0,Low
SIMPLE,6–12,단순 스토킹 행위,STALKING,9.0,Low
CYBERSTALKING,6–14,온라인을 통한 스토킹,STALKING,10.0,Low
AGGRAVATED,18–24,흉기 사용 또는 위협 포함한 스토킹,STALKING,21.0,Medium
VIOLATION OF STALKING NO CONTACT ORDER,16–22,법원 명령 위반한 스토킹,STALKING,19.0,Medium
OVER $500,8–14,500달러 초과 절도,THEFT,11.0,Low
RETAIL THEFT,6–10,상점에서의 절도,THEFT,8.0,Very Low
FROM BUILDING,10–16,건물 내부에서 절도,THEFT,13.0,Medium
$500 AND UNDER,4–8,500달러 이하 절도,THEFT,6.0,Very Low
ATTEMPT THEFT,4–8,절도 시도,THEFT,6.0,Very Low
PURSE-SNATCHING,8–16,가방 날치기,THEFT,12.0,Low
POCKET-PICKING,8–12,소매치기,THEFT,10.0,Low
FINANCIAL ID THEFT:$300 &UNDER,6–10,300달러 이하 신원도용,THEFT,8.0,Very Low
FINANCIAL ID THEFT: OVER $300,10–18,300달러 초과 신원도용,THEFT,14.0,Medium
AGG: FINANCIAL ID THEFT,14–22,가중처벌된 신원도용,THEFT,18.0,Medium
ATTEMPT FINANCIAL IDENTITY THEFT,6–10,신원도용 시도,THEFT,8.0,Very Low
FROM COIN-OP MACHINE/DEVICE,6–12,자판기 등 기기에서 절도,THEFT,9.0,Low
DELIVERY CONTAINER THEFT,8–14,운송 중인 화물 절도,THEFT,11.0,Low
AGGRAVATED: FINANCIAL IDENTITY THEFT,16–24,가중된 신원도용,THEFT,20.0,Medium
OVER $300,8–14,300달러 초과 절도,THEFT,11.0,Low
FINANCIAL IDENTITY THEFT: OVER $300,10–18,신원도용 300달러 이상,THEFT,14.0,Medium
$300 AND UNDER,4–8,300달러 이하 절도,THEFT,6.0,Very Low
FINANCIAL IDENTITY THEFT: $300 & UNDER,6–10,신원도용 300달러 이하,THEFT,8.0,Very Low
THEFT FROM MOTOR VEHICLE,8–12,차량 내에서 절도,THEFT,10.0,Low
THEFT RETAIL,6–10,상점 절도 (중복항목),THEFT,8.0,Very Low
FROM COIN-OPERATED MACHINE OR DEVICE,6–12,동전 기기에서 절도,THEFT,9.0,Low
UNLAWFUL USE - HANDGUN,18–24,권총의 불법 사용,WEAPONS VIOLATION,21.0,Medium
UNLAWFUL POSSESSION - HANDGUN,14–20,권총 불법 소지,WEAPONS VIOLATION,17.0,Medium
UNLAWFUL POSS OF HANDGUN,14–20,동일 내용 (중복),WEAPONS VIOLATION,17.0,Medium
RECKLESS FIREARM DISCHARGE,20–26,무분별한 총기 발사,WEAPONS VIOLATION,23.0,High
UNLAWFUL USE OTHER DANG WEAPON,16–22,기타 위험 무기 사용,WEAPONS VIOLATION,19.0,Medium
POSS FIREARM/AMMO:NO FOID CARD,10–16,총기/탄약 소지 – 허가 없음,WEAPONS VIOLATION,13.0,Medium
UNLAWFUL POSS AMMUNITION,8–14,탄약 불법 소지,WEAPONS VIOLATION,11.0,Low
UNLAWFUL POSS OTHER FIREARM,12–18,다른 총기 불법 소지,WEAPONS VIOLATION,15.0,Medium
UNLAWFUL USE HANDGUN,18–24,권총 불법 사용 (중복),WEAPONS VIOLATION,21.0,Medium
UNLAWFUL USE/SALE AIR RIFLE,6–12,공기총 불법 사용 또는 판매,WEAPONS VIOLATION,9.0,Low
UNLAWFUL USE OTHER FIREARM,16–22,다른 총기의 불법 사용,WEAPONS VIOLATION,19.0,Medium
UNLAWFUL SALE HANDGUN,16–22,권총 불법 판매,WEAPONS VIOLATION,19.0,Medium
UNLAWFUL SALE OTHER FIREARM,14–20,다른 총기의 불법 판매,WEAPONS VIOLATION,17.0,Medium
REGISTER OF SALES BY DEALER,4–8,판매 등록 의무 위반,WEAPONS VIOLATION,6.0,Very Low
DEFACE IDENT MARKS OF FIREARM,10–16,총기 일련번호 훼손,WEAPONS VIOLATION,13.0,Medium
UNLAWFUL SALE/DELIVERY OF FIREARM AT SCHOOL,22–28,학교에서 총기 판매/운반,WEAPONS VIOLATION,25.0,High
USE OF METAL PIERCING BULLETS,20–26,관통탄 사용,WEAPONS VIOLATION,23.0,High
UNLAWFUL SALE - OTHER FIREARM,14–20,기타 총기 불법 판매,WEAPONS VIOLATION,17.0,Medium
POSSESS FIREARM / AMMUNITION - NO FOID CARD,10–16,허가 없이 소지,WEAPONS VIOLATION,13.0,Medium
UNLAWFUL POSSESSION - OTHER FIREARM,12–18,기타 총기 불법 소지,WEAPONS VIOLATION,15.0,Medium
UNLAWFUL POSSESSION - AMMUNITION,8–14,탄약 불법 소지 (중복),WEAPONS VIOLATION,11.0,Low
UNLAWFUL USE - OTHER FIREARM,16–22,기타 총기 사용,WEAPONS VIOLATION,19.0,Medium
UNLAWFUL USE - OTHER DANGEROUS WEAPON,16–22,기타 위험 무기 사용 (중복),WEAPONS VIOLATION,19.0,Medium
UNLAWFUL USE / SALE OF AIR RIFLE,6–12,공기총 관련 위반 (중복),WEAPONS VIOLATION,9.0,Low
DEFACE IDENTIFICATION MARKS OF FIREARM,10–16,총기 식별번호 훼손 (중복),WEAPONS VIOLATION,13.0,Medium
UNLAWFUL SALE - HANDGUN,16–22,권총 불법 판매 (중복),WEAPONS VIOLATION,19.0,Medium
UNLAWFUL SALE - DELIVERY OF FIREARM AT SCHOOL,22–28,학교 총기 제공,WEAPONS VIOLATION,25.0,High
FOID - REVOCATION,0,총기 소지 자격 박탈 (비형사 행정 조치),NON - CRIMINAL,0.0,Very Low
LOST PASSPORT,0,여권 분실 신고 (비형사 사건),NON-CRIMINAL,0.0,Very Low
FOUND PASSPORT,0,습득된 여권 신고 (비형사 사건),NON-CRIMINAL,0.0,Very Low
NOTIFICATION OF STALKING - NO CONTACT ORDER,0,스토킹 관련 접촉금지 통지 (행정 조치),NON-CRIMINAL,0.0,Very Low
GUN OFFENDER NOTIFICATION-NO CONTACT,0,총기 전과자 접촉금지 통지 (행정 조치),NON-CRIMINAL,0.0,Very Low
CONCEALED CARRY LICENSE REVOCATION,0,은폐 휴대 면허 취소 (행정 조치),NON-CRIMINAL,0.0,Very Low
FOID - REVOCATION,0,총기 소지 자격 박탈 (비형사 행정 조치),NON-CRIMINAL,0.0,Very Low
NOTIFICATION OF CIVIL NO CONTACT ORDER,0,민사상 접촉금지 명령 통지 (행정 조치),NON-CRIMINAL (SUBJECT SPECIFIED),0.0,Very Low
